status,benchmark
sat,20170501-Heizmann-UltimateAutomizer/Newlib-BadKrozingenChallenge-Oversimplified.smt2
sat,20170501-Heizmann-UltimateAutomizer/water_pid_true-unreach-call.c_14.smt2
sat,20190429-UltimateAutomizerSvcomp2019/double_req_bl_0240a_true-unreach-call.c_4.smt2
sat,20190429-UltimateAutomizerSvcomp2019/double_req_bl_0240a_true-unreach-call.c_5.smt2
sat,20190429-UltimateAutomizerSvcomp2019/double_req_bl_0240a_true-unreach-call.c_7.smt2
sat,20190429-UltimateAutomizerSvcomp2019/double_req_bl_0310_true-unreach-call.c_1.smt2
sat,20190429-UltimateAutomizerSvcomp2019/double_req_bl_0310_true-unreach-call.c_8.smt2
sat,20190429-UltimateAutomizerSvcomp2019/double_req_bl_0320_true-unreach-call.c_0.smt2
sat,20190429-UltimateAutomizerSvcomp2019/double_req_bl_0320_true-unreach-call.c_1.smt2
sat,20190429-UltimateAutomizerSvcomp2019/double_req_bl_0330a_true-unreach-call.c_3.smt2
sat,20190429-UltimateAutomizerSvcomp2019/double_req_bl_0330a_true-unreach-call.c_4.smt2
sat,20190429-UltimateAutomizerSvcomp2019/double_req_bl_0330b_true-unreach-call.c_11.smt2
sat,20190429-UltimateAutomizerSvcomp2019/double_req_bl_0330b_true-unreach-call.c_9.smt2
sat,20190429-UltimateAutomizerSvcomp2019/double_req_bl_0740_true-unreach-call.c_0.smt2
sat,20190429-UltimateAutomizerSvcomp2019/double_req_bl_0832_true-unreach-call.c_1.smt2
sat,20190429-UltimateAutomizerSvcomp2019/double_req_bl_0876_true-unreach-call.c_0.smt2
sat,20190429-UltimateAutomizerSvcomp2019/double_req_bl_0882_true-unreach-call.c_0.smt2
sat,20190429-UltimateAutomizerSvcomp2019/double_req_bl_0920b_true-unreach-call.c_6.smt2
sat,20190429-UltimateAutomizerSvcomp2019/double_req_bl_0960b_true-unreach-call.c_0.smt2
sat,20190429-UltimateAutomizerSvcomp2019/double_req_bl_0971_true-unreach-call.c_0.smt2
sat,20190429-UltimateAutomizerSvcomp2019/double_req_bl_1122b_true-unreach-call.c_1.smt2
sat,20190429-UltimateAutomizerSvcomp2019/double_req_bl_1122b_true-unreach-call.c_3.smt2
sat,20190429-UltimateAutomizerSvcomp2019/double_req_bl_1122b_true-unreach-call.c_4.smt2
sat,20190429-UltimateAutomizerSvcomp2019/float_req_bl_0877_true-unreach-call.c_0.smt2
sat,20190429-UltimateAutomizerSvcomp2019/float_req_bl_0910a_true-unreach-call.c_0.smt2
sat,20190429-UltimateAutomizerSvcomp2019/water_pid_true-unreach-call_true-termination.c_0.smt2
sat,20210211-Vector/Aerospace_C/197caf3a.smt2
sat,20210211-Vector/Aerospace_C/401ce1d6.smt2
sat,20210211-Vector/Aerospace_C/87e8f851.smt2
sat,20210211-Vector/Automotive_C/4560eee1.smt2
sat,20230321-UltimateAutomizerSvcomp2023/double_req_bl_0870b.c_9.smt2
sat,griggio/fmcad12/div.c.10.smt2
sat,griggio/fmcad12/div.c.20.smt2
sat,griggio/fmcad12/div.c.3.smt2
sat,griggio/fmcad12/div.c.30.smt2
sat,griggio/fmcad12/div.c.40.smt2
sat,griggio/fmcad12/div.c.50.smt2
sat,griggio/fmcad12/div2.c.10.smt2
sat,griggio/fmcad12/div2.c.20.smt2
sat,griggio/fmcad12/div2.c.3.smt2
sat,griggio/fmcad12/div2.c.30.smt2
sat,griggio/fmcad12/div2.c.40.smt2
sat,griggio/fmcad12/div2.c.50.smt2
sat,griggio/fmcad12/div3.c.10.smt2
sat,griggio/fmcad12/div3.c.20.smt2
sat,griggio/fmcad12/div3.c.3.smt2
sat,griggio/fmcad12/div3.c.30.smt2
sat,griggio/fmcad12/div3.c.40.smt2
sat,griggio/fmcad12/div3.c.50.smt2
sat,griggio/fmcad12/e2.c.smt2
sat,griggio/fmcad12/e2_1.c.smt2
sat,griggio/fmcad12/e3_1.c.smt2
sat,griggio/fmcad12/e3_2.c.smt2
sat,griggio/fmcad12/f23.smt2
sat,griggio/fmcad12/gaussian.c.125.smt2
sat,griggio/fmcad12/gaussian.c.175.smt2
sat,griggio/fmcad12/gaussian.c.25.smt2
sat,griggio/fmcad12/gaussian.c.75.smt2
unknown,griggio/fmcad12/mul_03_3000_1.smt2
sat,griggio/fmcad12/mul_03_3_1.smt2
sat,griggio/fmcad12/mult1.c.10.smt2
sat,griggio/fmcad12/mult1.c.20.smt2
sat,griggio/fmcad12/mult1.c.30.smt2
sat,griggio/fmcad12/mult1.c.40.smt2
sat,griggio/fmcad12/mult1.c.50.smt2
sat,griggio/fmcad12/mult2.c.10.smt2
sat,griggio/fmcad12/mult2.c.20.smt2
sat,griggio/fmcad12/mult2.c.30.smt2
sat,griggio/fmcad12/mult2.c.40.smt2
sat,griggio/fmcad12/mult2.c.50.smt2
sat,griggio/fmcad12/newton.4.1.i.smt2
sat,griggio/fmcad12/newton.5.1.i.smt2
sat,griggio/fmcad12/newton.6.1.i.smt2
sat,griggio/fmcad12/newton.6.2.i.smt2
sat,griggio/fmcad12/newton.6.3.i.smt2
sat,griggio/fmcad12/newton.7.1.i.smt2
sat,griggio/fmcad12/newton.7.2.i.smt2
sat,griggio/fmcad12/newton.7.3.i.smt2
sat,griggio/fmcad12/newton.8.1.i.smt2
sat,griggio/fmcad12/newton.8.2.i.smt2
sat,griggio/fmcad12/newton.8.3.i.smt2
sat,griggio/fmcad12/sin.c.125.smt2
sat,griggio/fmcad12/sin.c.175.smt2
sat,griggio/fmcad12/sin.c.25.smt2
sat,griggio/fmcad12/sin.c.75.smt2
sat,griggio/fmcad12/sin2.c.10.smt2
sat,griggio/fmcad12/sin2.c.125.smt2
sat,griggio/fmcad12/sin2.c.15.smt2
sat,griggio/fmcad12/sin2.c.175.smt2
sat,griggio/fmcad12/sin2.c.2.smt2
sat,griggio/fmcad12/sin2.c.20.smt2
sat,griggio/fmcad12/sin2.c.25.smt2
sat,griggio/fmcad12/sin2.c.5.smt2
sat,griggio/fmcad12/sin2.c.75.smt2
sat,griggio/fmcad12/sine.1.0.i.smt2
sat,griggio/fmcad12/sqrt.c.10.smt2
sat,griggio/fmcad12/sqrt.c.15.smt2
sat,griggio/fmcad12/sqrt.c.2.smt2
sat,griggio/fmcad12/sqrt.c.20.smt2
sat,griggio/fmcad12/sqrt.c.25.smt2
sat,griggio/fmcad12/sqrt.c.5.smt2
sat,griggio/fmcad12/test_v3_r3_vr10_c1_s14052.smt2
sat,griggio/fmcad12/test_v3_r3_vr10_c1_s24300.smt2
sat,griggio/fmcad12/test_v3_r3_vr10_c1_s29304.smt2
sat,griggio/fmcad12/test_v3_r3_vr1_c1_s10392.smt2
sat,griggio/fmcad12/test_v3_r3_vr5_c1_s16641.smt2
sat,griggio/fmcad12/test_v3_r3_vr5_c1_s16867.smt2
sat,griggio/fmcad12/test_v3_r3_vr5_c1_s26769.smt2
sat,griggio/fmcad12/test_v3_r8_vr10_c1_s5590.smt2
sat,griggio/fmcad12/test_v5_r10_vr1_c1_s13516.smt2
sat,griggio/fmcad12/test_v5_r10_vr1_c1_s19145.smt2
sat,griggio/fmcad12/test_v5_r10_vr5_c1_s13195.smt2
sat,griggio/fmcad12/test_v5_r10_vr5_c1_s13679.smt2
sat,griggio/fmcad12/test_v5_r5_vr10_c1_s5379.smt2
sat,griggio/fmcad12/test_v5_r5_vr10_c1_s5996.smt2
sat,griggio/fmcad12/test_v5_r5_vr10_c1_s7194.smt2
sat,griggio/fmcad12/test_v5_r5_vr1_c1_s14623.smt2
sat,griggio/fmcad12/test_v5_r5_vr1_c1_s15604.smt2
sat,griggio/fmcad12/test_v5_r5_vr1_c1_s16138.smt2
sat,griggio/fmcad12/test_v5_r5_vr5_c1_s24018.smt2
sat,griggio/fmcad12/test_v5_r5_vr5_c1_s2800.smt2
sat,griggio/fmcad12/test_v5_r5_vr5_c1_s9855.smt2
sat,griggio/fmcad12/test_v7_r12_vr10_c1_s15994.smt2
sat,griggio/fmcad12/test_v7_r12_vr10_c1_s30410.smt2
sat,griggio/fmcad12/test_v7_r12_vr5_c1_s14336.smt2
sat,griggio/fmcad12/test_v7_r12_vr5_c1_s29826.smt2
sat,griggio/fmcad12/test_v7_r12_vr5_c1_s8938.smt2
unknown,griggio/fmcad12/test_v7_r17_vr10_c1_s18654.smt2
unknown,griggio/fmcad12/test_v7_r17_vr10_c1_s8773.smt2
sat,griggio/fmcad12/test_v7_r17_vr1_c1_s23882.smt2
sat,griggio/fmcad12/test_v7_r7_vr10_c1_s10625.smt2
sat,griggio/fmcad12/test_v7_r7_vr10_c1_s24535.smt2
sat,griggio/fmcad12/test_v7_r7_vr10_c1_s32506.smt2
sat,griggio/fmcad12/test_v7_r7_vr1_c1_s22845.smt2
sat,griggio/fmcad12/test_v7_r7_vr1_c1_s4574.smt2
sat,griggio/fmcad12/test_v7_r7_vr5_c1_s14675.smt2
sat,griggio/fmcad12/test_v7_r7_vr5_c1_s19694.smt2
sat,griggio/fmcad12/test_v7_r7_vr5_c1_s3582.smt2
sat,ramalho/esbmc/Float_div_bad-main.smt2
sat,ramalho/esbmc/newton_3_6_false-unreach-call-main.smt2
unknown,schanda/spark/angle_between_1.smt2
sat,schanda/spark/angle_between_2.smt2
sat,schanda/spark/assoc_add.smt2
sat,schanda/spark/assoc_mult.smt2
sat,schanda/spark/average_5.smt2
sat,schanda/spark/average_6.smt2
sat,schanda/spark/exp_3_precision.smt2
sat,schanda/spark/guarded_div_1.smt2
sat,schanda/spark/guarded_div_2.smt2
sat,schanda/spark/incorrect_reordering.smt2
sat,schanda/spark/protected_divide.smt2
